{"name":"TestProject08","game_type":"adv","size_type":"6","width":1280,"height":720,"vertical":false,"check_title":"yes","check_menu":"no","message_window":{"use_image":false,"image_file":"","msg_width":1240,"msg_height":237,"msg_top":417,"msg_left":20,"margint":45,"marginl":10,"marginr":20,"marginb":10,"vertical":false,"color":"","opacity":180,"window_color":"0x000000","radius":0,"chara_name_color":"0xFFFFFF","chara_name_size":26,"chara_name_x":30,"chara_name_y":427,"chara_name_bold":"bold","game_type":"adv","check_chara_mode":true,"text_chara_mod_time":600,"check_memory_chara_face":false,"check_chara_anim":true,"select_chara_anim_mode":"easeInQuad","icon_position_x":0,"icon_position_y":0,"icon_position_fix":false,"select_talk_focus":"none","text_pos_change_time":"600","cg_noimage":"noimage.png","replay_noimage":"noimage.png","map_role":{}},"version":"2.0.4","plugin":{}}