{"version":"2.0.4","map_chara":{},"map_fuki":{},"map_fav":{},"plugin":{},"map_font":{},"map_var":{},"map_watch":{},"map_param_pin":{},"map_theme":{"name":"","opacity":"","button":0,"message_color":"","chara_name_color":"","glink":"","jname":""},"map_cg":{"map_page":{},"map_image":{}},"map_replay":{"map_page":{},"map_jump":{}},"live2d_version":"3","preview_sync":false,"name":"TestProject","game_type":"adv","size_type":"2","width":640,"height":480,"vertical":false,"check_title":"no","check_menu":"no","message_window":{"use_image":false,"image_file":"","msg_width":600,"msg_height":158,"msg_top":278,"msg_left":20,"margint":45,"marginl":10,"marginr":20,"marginb":10,"vertical":false,"color":"","opacity":180,"window_color":"0x000000","radius":0,"chara_name_color":"0xFFFFFF","chara_name_size":26,"chara_name_x":30,"chara_name_y":288,"chara_name_bold":"bold","game_type":"adv","check_chara_mode":true,"text_chara_mod_time":600,"check_memory_chara_face":false,"check_chara_anim":true,"select_chara_anim_mode":"easeInQuad","icon_position_x":0,"icon_position_y":0,"icon_position_fix":false,"select_talk_focus":"none","text_pos_change_time":"600","cg_noimage":"noimage.png","replay_noimage":"noimage.png","map_role":{}},"component_manage":{"fav":{},"scenario":{"tb_start_text":"true","cm":"true","glink":"true","label":"true","jump":"true","s":"true"},"text":{"wait":"true","quake":"true","tb_ptext_show":"true","tb_ptext_hide":"true","l":"true"},"screen_effect":{"mask":"true","mask_off":"true","layermode":"true","layermode_movie":"true","free_layermode":"true"},"character":{"chara_show":"true","chara_hide":"true","chara_mod":"true","chara_move":"true","chara_hide_all":"true"},"live2d":{"live2d_new":"true","live2d_show":"true","live2d_motion":"true","live2d_hide":"true","live2d_mod":"true","live2d_expression":"true","live2d_fadein":"true","live2d_fadeout":"true","live2d_delete_all":"true"},"image":{"bg":"true","tb_image_show":"true","tb_image_hide":"true","clickable":"true","button":"true"},"effect":{"tb_show_message_window":"true","tb_hide_message_window":"true","hidemessage":"true","delay":"true","font":"true","resetfont":"true"},"media":{"playbgm":"true","stopbgm":"true","playse":"true","stopse":"true","movie":"true"},"bgmovie":{"bgmovie":"true","stop_bgmovie":"true","wait_bgmovie":"true"},"camera":{"camera":"true","reset_camera":"true","wait_camera":"true"},"eval":{"tb_eval":"true","edit":"true","commit":"true"},"script":{"iscript":"true","tb_start_tyrano_code":"true"},"plugin":{}}}